epoch,accuracy,loss,val_accuracy,val_loss
0,0.9382166862487793,0.20955203473567963,0.9682000279426575,0.10472464561462402
1,0.9726999998092651,0.08858083188533783,0.9726999998092651,0.09157948195934296
2,0.9806833267211914,0.06017713621258736,0.9771000146865845,0.07164180278778076
3,0.9856833219528198,0.044903386384248734,0.979200005531311,0.06759919971227646
4,0.9883000254631042,0.035784024745225906,0.9803000092506409,0.05906038358807564
