epoch,accuracy,loss,val_accuracy,val_loss
0,0.9365333318710327,0.21375149488449097,0.9684000015258789,0.10446921736001968
1,0.9720166921615601,0.091585673391819,0.9753000140190125,0.08279255032539368
2,0.98048335313797,0.06195848435163498,0.9699000120162964,0.09190480411052704
3,0.98416668176651,0.04775157943367958,0.9797000288963318,0.06996733695268631
4,0.9880666732788086,0.03631606698036194,0.9800999760627747,0.06713291257619858
