epoch,accuracy,loss,val_accuracy,val_loss
0,0.9391999840736389,0.20925846695899963,0.9657999873161316,0.10900039225816727
1,0.9730833172798157,0.08909844607114792,0.9768000245094299,0.0723344087600708
2,0.9811166524887085,0.059434808790683746,0.9789999723434448,0.06548827886581421
3,0.9850166440010071,0.0458591990172863,0.9811999797821045,0.062378350645303726
4,0.9879000186920166,0.03625842183828354,0.9810000061988831,0.06420072913169861
