epoch,accuracy,loss,val_accuracy,val_loss
0,0.9368666410446167,0.21188731491565704,0.9666000008583069,0.11359499394893646
1,0.9727833271026611,0.08879226446151733,0.9728000164031982,0.08458207547664642
2,0.9803666472434998,0.06139680743217468,0.9797999858856201,0.06497657299041748
3,0.9855166673660278,0.04546738415956497,0.9764000177383423,0.07881737500429153
4,0.9879166483879089,0.03729495033621788,0.9800999760627747,0.06657326966524124
5,0.9904166460037231,0.02915477566421032,0.9814000129699707,0.0605228953063488
6,0.9915500283241272,0.024526340886950493,0.9789999723434448,0.07310014218091965
7,0.9931833148002625,0.02042750082910061,0.978600025177002,0.07734756916761398
