epoch,accuracy,loss,val_accuracy,val_loss
0,0.9379333257675171,0.211251899600029,0.9677000045776367,0.10658682882785797
1,0.9733999967575073,0.08880797773599625,0.9735999703407288,0.08245934545993805
2,0.9807500243186951,0.06181942671537399,0.9796000123023987,0.07010306417942047
3,0.9850999712944031,0.0471520721912384,0.9775000214576721,0.07549725472927094
4,0.9886999726295471,0.03576182946562767,0.9793999791145325,0.06816181540489197
