{"accuracy": 0.9873833060264587, "loss": 0.03759722039103508, "time_real": 52.66896605491638, "time_process": 117.838504}