{"accuracy": 0.9879000186920166, "loss": 0.03625842183828354, "time_real": 25.84358811378479, "time_process": 124.64961600000001}