{"accuracy": 0.9880666732788086, "loss": 0.03631606698036194, "time_real": 26.4810528755188, "time_process": 121.70708400000001}