{"accuracy": 0.9883000254631042, "loss": 0.035784024745225906, "time_real": 24.922003984451294, "time_process": 117.183538}