{"accuracy": 0.9931833148002625, "loss": 0.02042750082910061, "time_real": 45.06885814666748, "time_process": 195.25181, "new_metr": 0.574}
