{"accuracy": 0.9886999726295471, "loss": 0.03576182946562767, "time_real": 25.81322407722473, "time_process": 122.468444}